"","p_val","avg_log2FC","pct.1","pct.2","p_val_adj","genes","diffexpressed","delabel"
"B2M",8.90341959175649e-40,0.401510484566824,0.668,0.56,8.7164477803296e-37,"B2M","UPP","B2M"
"APOE",1.07850774994965e-32,0.340133267434442,0.768,0.683,1.05585908720071e-29,"APOE","UPP","APOE"
"APOC1",6.757489255299e-29,0.190909117107386,0.923,0.881,6.61558198093772e-26,"APOC1","NO",NA
"VTN",7.20821796256438e-25,0.316292391441863,0.71,0.648,7.05684538535053e-22,"VTN","UPP","VTN"
"RARRES2",3.89782369996457e-21,0.378918289912165,0.466,0.377,3.81596940226532e-18,"RARRES2","UPP","RARRES2"
"CRP",4.39236744737183e-21,-0.675835062837264,0.227,0.304,4.30012773097703e-18,"CRP","DOWNN","CRP"
"IGHG1",1.11342259846571e-20,0.721234722263955,0.219,0.148,1.09004072389793e-17,"IGHG1","UPP","IGHG1"
"IL32",1.28129903820886e-18,0.455903278202228,0.459,0.386,1.25439175840647e-15,"IL32","UPP","IL32"
"CD74",4.09142786069068e-15,0.492372274070306,0.224,0.162,4.00550787561618e-12,"CD74","UPP","CD74"
"CXCL9",4.66523417058206e-15,0.696855843898075,0.159,0.106,4.56726425299984e-12,"CXCL9","UPP","CXCL9"
"APOA1",6.93497314434343e-14,0.371683722679087,0.785,0.742,6.78933870831221e-11,"APOA1","UPP","APOA1"
"FGG",2.95684018418085e-12,0.131111867217376,0.804,0.741,2.89474654031305e-09,"FGG","NO",NA
"FN1",4.16338550551544e-12,0.250968914730095,0.489,0.424,4.07595440989962e-09,"FN1","NO",NA
"CLU",7.77543765938927e-12,0.308388398874833,0.456,0.397,7.61215346854209e-09,"CLU","UPP","CLU"
"XBP1",7.65373617686689e-11,0.259311618389119,0.374,0.311,7.49300771715268e-08,"XBP1","NO",NA
"STAT1",2.2340344503687e-10,0.437403687746424,0.205,0.157,2.18711972691095e-07,"STAT1","UPP","STAT1"
"IGKC",3.66462335245066e-10,0.647853049031521,0.154,0.113,3.58766626204919e-07,"IGKC","UPP","IGKC"
"IFITM3",5.02977021029695e-10,0.290532910337799,0.397,0.339,4.92414503588072e-07,"IFITM3","UPP","IFITM3"
"CTSD",3.07628703656813e-09,0.291884110906294,0.233,0.185,3.0116850088002e-06,"CTSD","UPP","CTSD"
"SQSTM1",1.7022256753018e-08,0.258097746076245,0.339,0.287,1.66647893612046e-05,"SQSTM1","NO",NA
"MYL12A",1.92589335911238e-08,0.343972235403669,0.227,0.182,1.88544959857102e-05,"MYL12A","UPP","MYL12A"
"NPR2",3.14214284403127e-08,-0.559270352447624,0.159,0.2,3.07615784430661e-05,"NPR2","DOWNN","NPR2"
"RPL37",4.81553978707491e-08,0.178743508393886,0.503,0.449,4.71441345154633e-05,"RPL37","NO",NA
"TPT1",5.70996878015314e-08,0.104199060473785,0.721,0.67,5.59005943576992e-05,"TPT1","NO",NA
"H4C3",1.96771043291519e-07,0.305384033235197,0.235,0.192,0.000192638851382397,"H4C3","UPP","H4C3"
"ACKR4",1.97303111205318e-07,-0.503065287802353,0.164,0.204,0.000193159745870007,"ACKR4","DOWNN","ACKR4"
"SELENOP",2.00648629913573e-07,0.118784673247078,0.587,0.531,0.000196435008685388,"SELENOP","NO",NA
"RPL22",2.65105263354924e-07,0.201828861406975,0.326,0.278,0.000259538052824471,"RPL22","NO",NA
"COL18A1",3.93481611586822e-07,0.171936238755197,0.416,0.365,0.000385218497743498,"COL18A1","NO",NA
"SERPINA1",4.25940656591505e-07,0.109955935613716,0.956,0.924,0.000416995902803084,"SERPINA1","NO",NA
"IRF3",9.55087072857128e-07,0.291558430433243,0.16,0.125,0.000935030244327128,"IRF3","UPP","IRF3"
"GC",1.16164467638138e-06,0.186766978908595,0.395,0.348,0.00113725013817737,"GC","NO",NA
"ADGRV1",1.35638256154326e-06,-0.369383209529907,0.147,0.186,0.00132789852775085,"ADGRV1","DOWNN","ADGRV1"
"CD14",1.43228999518266e-06,-0.350179713684694,0.327,0.366,0.00140221190528383,"CD14","DOWNN","CD14"
"ITM2B",1.81746069275542e-06,0.254555915746987,0.273,0.233,0.00177929401820756,"ITM2B","NO",NA
"SOD1",2.03117130026308e-06,0.223046123753753,0.275,0.233,0.00198851670295755,"SOD1","NO",NA
"CTNNB1",6.13213550246172e-06,0.192911768409554,0.187,0.152,0.00600336065691002,"CTNNB1","NO",NA
"COL16A1",9.05016304018009e-06,-0.402164159189054,0.199,0.235,0.00886010961633631,"COL16A1","DOWNN","COL16A1"
"CCND1",1.06595883692926e-05,0.31271097614938,0.2,0.166,0.0104357370135375,"CCND1","UPP","CCND1"
"MAP2K1",1.09034376414172e-05,-0.400927402670761,0.091,0.119,0.0106744654509474,"MAP2K1","DOWNN","MAP2K1"
"NLRP1",1.47890060572679e-05,-0.439428585596327,0.187,0.222,0.0144784369300653,"NLRP1","DOWNN","NLRP1"
"RAC1",1.99935884588911e-05,0.242915843950581,0.203,0.169,0.0195737231012544,"RAC1","NO",NA
"HMGN2",2.14680858819265e-05,0.210233421123338,0.271,0.233,0.021017256078406,"HMGN2","NO",NA
"MYH11",2.42688955093416e-05,-0.433308347547234,0.15,0.181,0.0237592487036455,"MYH11","DOWNN","MYH11"
"AZGP1",2.55850473607658e-05,0.115139165716786,0.565,0.521,0.0250477613661897,"AZGP1","NO",NA
"PFN1",3.22032897333213e-05,0.164008497547378,0.307,0.27,0.0315270206489216,"PFN1","NO",NA
"SLCO2B1",3.99014095861211e-05,0.230695809017833,0.24,0.206,0.0390634799848125,"SLCO2B1","NO",NA
"CD3G",4.28621272081623e-05,-0.334970802362581,0.179,0.211,0.0419620225367909,"CD3G","DOWNN","CD3G"
"BST2",6.33896759848259e-05,0.192954664429974,0.247,0.213,0.0620584927891446,"BST2","NO",NA
"FHIT",6.74245790667519e-05,-0.402108539908617,0.168,0.198,0.0660086629063501,"FHIT","DOWN","FHIT"
"CD24",6.90768577047448e-05,0.173546214869459,0.157,0.129,0.0676262436929452,"CD24","NO",NA
"CSF1R",9.26154949830318e-05,-0.32798554920088,0.334,0.366,0.0906705695883882,"CSF1R","DOWN","CSF1R"
"KRT1",0.000104866783393258,-0.362326848410502,0.164,0.194,0.102664580942,"KRT1","DOWN","KRT1"
"SLPI",0.000106713703425669,0.329757888463146,0.13,0.105,0.10447271565373,"SLPI","UP","SLPI"
"TLR2",0.000120980433493847,-0.321144357036902,0.264,0.295,0.118439844390476,"TLR2","DOWN","TLR2"
"CXCL10",0.000123846966159963,0.43600633470623,0.121,0.097,0.121246179870604,"CXCL10","UP","CXCL10"
"TNFSF10",0.000161671541162772,0.241254173283342,0.192,0.163,0.158276438798354,"TNFSF10","NO",NA
"KRT86",0.000185955236206885,-0.280188878427355,0.171,0.202,0.182050176246541,"KRT86","DOWN","KRT86"
"LGALS3BP",0.000210872861880014,0.263452961309139,0.125,0.102,0.206444531780533,"LGALS3BP","UP","LGALS3BP"
"MTOR",0.000218165285477221,-0.35445697534014,0.256,0.285,0.213583814482199,"MTOR","DOWN","MTOR"
"TNFRSF10B",0.000222486795373005,0.231447707661662,0.149,0.123,0.217814572670172,"TNFRSF10B","NO",NA
"IGHG2",0.000223103144616086,0.327210159708908,0.12,0.097,0.218417978579148,"IGHG2","UP","IGHG2"
"PLAC8",0.000239973478360562,-0.398207581253383,0.23,0.259,0.234934035314991,"PLAC8","DOWN","PLAC8"
"CLOCK",0.000242474587627335,-0.280016608425344,0.134,0.161,0.237382621287161,"CLOCK","DOWN","CLOCK"
"PSAP",0.000250794394137138,0.150000802424852,0.278,0.244,0.245527711860258,"PSAP","NO",NA
"TCF7",0.00027490576240656,-0.316621415226298,0.263,0.293,0.269132741396023,"TCF7","DOWN","TCF7"
"ADGRE2",0.000336999996118804,-0.385126034552735,0.116,0.14,0.32992299620031,"ADGRE2","DOWN","ADGRE2"
"CUZD1",0.000396329185823256,-0.306540852130647,0.17,0.197,0.388006272920968,"CUZD1","DOWN","CUZD1"
"HSP90B1",0.000426485983340067,0.145704055649034,0.224,0.194,0.417529777689926,"HSP90B1","NO",NA
"TGFBR1",0.000547805966156722,-0.382549740746272,0.191,0.217,0.536302040867431,"TGFBR1","DOWN","TGFBR1"
"CFD",0.000554888455627556,-0.51138513837778,0.044,0.06,0.543235798059377,"CFD","DOWN","CFD"
"SOD2",0.000555656003783647,0.299687628503156,0.178,0.153,0.543987227704191,"SOD2","UP","SOD2"
"NUPR1",0.000683002014509454,0.160566820039142,0.183,0.157,0.668658972204755,"NUPR1","NO",NA
"RACK1",0.000737187135016862,0.112962537656368,0.207,0.179,0.721706205181508,"RACK1","NO",NA
"CSK",0.000865161606307456,0.272535740667297,0.119,0.098,0.846993212575,"CSK","UP","CSK"
"NEAT1",0.0010845846585134,-0.189364249469845,0.63,0.625,1,"NEAT1","NO",NA
"CYTOR",0.00110529134907853,0.279993059467001,0.144,0.122,1,"CYTOR","UP","CYTOR"
"FLT1",0.00111652569471613,-0.413508269197586,0.067,0.085,1,"FLT1","DOWN","FLT1"
"IL7R",0.00122190423478802,-0.331278000106142,0.206,0.231,1,"IL7R","DOWN","IL7R"
"TNFSF14",0.00124067989066417,0.225588940163343,0.354,0.327,1,"TNFSF14","NO",NA
"PTGDS",0.00131455676652997,-0.340989428879751,0.036,0.05,1,"PTGDS","DOWN","PTGDS"
"BIRC3",0.00151606153737213,-0.313803475804978,0.293,0.315,1,"BIRC3","DOWN","BIRC3"
"SOX2",0.00152250814978169,0.290305301899131,0.069,0.054,1,"SOX2","UP","SOX2"
"FYN",0.00176564149312941,-0.292096062689747,0.228,0.253,1,"FYN","DOWN","FYN"
"ANGPT2",0.00180665003749954,-0.351538098717546,0.183,0.208,1,"ANGPT2","DOWN","ANGPT2"
"KRT18",0.00181454135033774,0.132053787384233,0.259,0.232,1,"KRT18","NO",NA
"GPX3",0.00214768707788809,-0.271714182706324,0.191,0.215,1,"GPX3","DOWN","GPX3"
"CSF2RB",0.00222354445853575,-0.262454924131021,0.065,0.082,1,"CSF2RB","NO",NA
"ARID5B",0.0022599057641053,-0.350255930930154,0.068,0.085,1,"ARID5B","DOWN","ARID5B"
"BTG1",0.00238649147518823,0.159099539028573,0.152,0.131,1,"BTG1","NO",NA
"ANKRD1",0.00299987663427204,-0.378717441804395,0.06,0.076,1,"ANKRD1","DOWN","ANKRD1"
"GPX1",0.003382555930507,-0.210794864527012,0.529,0.541,1,"GPX1","NO",NA
"CLEC4A",0.00342499591070305,-0.225534279394373,0.337,0.358,1,"CLEC4A","NO",NA
"HLA-DPB1",0.0034564758888968,0.279250410703444,0.081,0.065,1,"HLA-DPB1","UP","HLA-DPB1"
"IDO1",0.00349222061935538,-0.313508010702401,0.187,0.21,1,"IDO1","DOWN","IDO1"
"ST6GAL1",0.00354518893371794,0.158187753874581,0.133,0.113,1,"ST6GAL1","NO",NA
"HSP90AA1",0.00355965095614222,0.169288801107724,0.159,0.138,1,"HSP90AA1","NO",NA
"IFNAR1",0.00372172734380217,0.194074379129223,0.139,0.119,1,"IFNAR1","NO",NA
"NOD2",0.00376093294947032,-0.231244650321905,0.237,0.26,1,"NOD2","NO",NA
"WNT10B",0.00420741084110268,-0.452602429368087,0.052,0.066,1,"WNT10B","DOWN","WNT10B"
"COL15A1",0.00428632370532717,-0.312759084589341,0.229,0.252,1,"COL15A1","DOWN","COL15A1"
"BMP4",0.00452207547547633,-0.236857813127261,0.123,0.142,1,"BMP4","NO",NA
"DUSP6",0.00461009612473533,0.176578316170245,0.17,0.149,1,"DUSP6","NO",NA
"BRAF",0.00503625183466957,0.195529683824655,0.108,0.09,1,"BRAF","NO",NA
"LINC01781",0.00554645998127074,-0.256779520195809,0.097,0.115,1,"LINC01781","NO",NA
"IL15RA",0.00634343091282726,-0.280237435000016,0.164,0.185,1,"IL15RA","DOWN","IL15RA"
"BCL2",0.00660212464867857,-0.434223420449032,0.08,0.096,1,"BCL2","DOWN","BCL2"
"PROX1",0.00760671234054417,0.100788229851055,0.162,0.142,1,"PROX1","NO",NA
"TAGLN",0.00775394679707118,-0.298968100202395,0.177,0.198,1,"TAGLN","DOWN","TAGLN"
"VEGFA",0.00812322620754284,-0.208383945108015,0.369,0.389,1,"VEGFA","NO",NA
"PDGFD",0.0082102768709902,-0.404298788589003,0.052,0.065,1,"PDGFD","DOWN","PDGFD"
"YES1",0.00825663400578092,-0.392596133764145,0.083,0.098,1,"YES1","DOWN","YES1"
"CD1C",0.00839276865593926,-0.211372928802327,0.195,0.217,1,"CD1C","NO",NA
"TPM1",0.00846326619200045,0.221428717437316,0.2,0.18,1,"TPM1","NO",NA
"KRT23",0.00868059844367271,-0.464960775234986,0.043,0.054,1,"KRT23","DOWN","KRT23"
"RPL34",0.00930034962803516,0.106876348295509,0.316,0.293,1,"RPL34","NO",NA
"NR3C1",0.0106453073164848,0.226570862336178,0.102,0.086,1,"NR3C1","NO",NA
"IFIT3",0.0110915749288661,-0.369170346428739,0.167,0.185,1,"IFIT3","DOWN","IFIT3"
"CD59",0.0133909662713822,0.186797673813286,0.109,0.095,1,"CD59","NO",NA
"CCR1",0.0136657598480343,-0.269396000142559,0.082,0.097,1,"CCR1","DOWN","CCR1"
"NFKBIA",0.0137283347236508,0.110536280460044,0.122,0.106,1,"NFKBIA","NO",NA
"CLEC2D",0.0139000290481986,-0.412221065092108,0.055,0.068,1,"CLEC2D","DOWN","CLEC2D"
"NACA",0.0141507685132915,0.100200425809339,0.203,0.183,1,"NACA","NO",NA
"TNFSF15",0.0156668653147876,-0.225294895146683,0.158,0.176,1,"TNFSF15","NO",NA
"SMARCB1",0.0169370208829618,-0.418410648305665,0.095,0.11,1,"SMARCB1","DOWN","SMARCB1"
"DDX58",0.0173947140043913,0.162490346726793,0.121,0.105,1,"DDX58","NO",NA
"AR",0.017855849745094,0.109200800128026,0.24,0.22,1,"AR","NO",NA
"FGFR2",0.0179178882530286,0.363904136152449,0.111,0.097,1,"FGFR2","UP","FGFR2"
"JUNB",0.0192502975529671,-0.104134658481837,0.169,0.189,1,"JUNB","NO",NA
"SQLE",0.0198187848140268,0.394221262253474,0.062,0.051,1,"SQLE","UP","SQLE"
"IGF1",0.0212752686585208,0.12499408786198,0.15,0.133,1,"IGF1","NO",NA
"VPREB3",0.0221444278379615,-0.416179441280721,0.047,0.057,1,"VPREB3","DOWN","VPREB3"
"BMP5",0.022276512378386,0.196811645739068,0.069,0.058,1,"BMP5","NO",NA
"PPARA",0.0230501107155156,0.143803881564554,0.182,0.165,1,"PPARA","NO",NA
"CXCL17",0.0232594505980486,-0.216528317240598,0.16,0.177,1,"CXCL17","NO",NA
"LGALS1",0.024051032957586,-0.211225527102059,0.163,0.179,1,"LGALS1","NO",NA
"CD8A",0.0265211870012295,-0.312632901096306,0.066,0.078,1,"CD8A","DOWN","CD8A"
"ACKR3",0.027452305704952,-0.23207239797289,0.292,0.307,1,"ACKR3","NO",NA
"IFITM1",0.0285605391075756,-0.205721640106869,0.291,0.31,1,"IFITM1","NO",NA
"MKI67",0.028653047022125,-0.190012406259086,0.163,0.18,1,"MKI67","NO",NA
"GLUD1",0.0295382201014276,0.123421823941437,0.273,0.256,1,"GLUD1","NO",NA
"VCAM1",0.0295887993361135,0.207231229536113,0.082,0.07,1,"VCAM1","NO",NA
"NLRP2",0.0307649969364428,-0.502216841394494,0.067,0.078,1,"NLRP2","DOWN","NLRP2"
"SMO",0.0319865909470055,-0.210395957611087,0.295,0.31,1,"SMO","NO",NA
"CCL17",0.0322719755148754,-0.39245888495088,0.093,0.106,1,"CCL17","DOWN","CCL17"
"IL23A",0.0329154877344304,-0.208513611877989,0.119,0.133,1,"IL23A","NO",NA
"FZD5",0.0332653738491449,0.232397333486429,0.119,0.107,1,"FZD5","NO",NA
"WNT11",0.0357513095124519,0.235948425113637,0.063,0.053,1,"WNT11","NO",NA
"CD33",0.0358154635515746,-0.287453637299047,0.048,0.058,1,"CD33","DOWN","CD33"
"NPPC",0.036930831291946,-0.228845316960564,0.087,0.1,1,"NPPC","NO",NA
"HLA-DPA1",0.0371715530135443,-0.178727175061191,0.311,0.324,1,"HLA-DPA1","NO",NA
"CXCL5",0.0375927925201081,-0.283216302891085,0.059,0.07,1,"CXCL5","DOWN","CXCL5"
"CEACAM1",0.0384715459638271,-0.243496743775188,0.241,0.256,1,"CEACAM1","NO",NA
"IL20",0.038773288535558,-0.261455030155478,0.183,0.198,1,"IL20","NO",NA
"NTRK2",0.0402237125074299,0.152811923834525,0.07,0.06,1,"NTRK2","NO",NA
"CSHL1",0.0403664094522922,0.27463806162557,0.06,0.051,1,"CSHL1","UP","CSHL1"
"CD3E",0.0407719629462345,-0.312187948352959,0.059,0.069,1,"CD3E","DOWN","CD3E"
"AGR2",0.0417484224181937,-0.347966077166808,0.053,0.062,1,"AGR2","DOWN","AGR2"
"COL9A3",0.0422325485789914,-0.319516646621226,0.081,0.093,1,"COL9A3","DOWN","COL9A3"
"CSTB",0.0422341516487817,0.133482183374323,0.152,0.138,1,"CSTB","NO",NA
"NDUFA4L2",0.0428860233460651,0.111344155540657,0.098,0.086,1,"NDUFA4L2","NO",NA
"STAT6",0.0429065045331238,0.128698246979516,0.099,0.087,1,"STAT6","NO",NA
"GZMB",0.0439247366980685,-0.245475737471978,0.06,0.07,1,"GZMB","NO",NA
"KRT4",0.0443491246465438,-0.175167979529276,0.062,0.072,1,"KRT4","NO",NA
"NOTCH1",0.0459009163299415,0.114472927347306,0.12,0.107,1,"NOTCH1","NO",NA
"LIFR",0.0466194595205515,-0.396223107434919,0.05,0.059,1,"LIFR","DOWN","LIFR"
"STAT3",0.0477605255464331,-0.237467886971743,0.089,0.101,1,"STAT3","NO",NA
"GPNMB",0.0490565764928791,-0.143445508654598,0.05,0.059,1,"GPNMB","NO",NA
"TGFB3",0.049477969857038,-0.207563690353851,0.067,0.078,1,"TGFB3","NO",NA
"MT1X",0.0500782361677479,-0.150486990558657,0.256,0.272,1,"MT1X","NO",NA
"EPOR",0.0505018163478872,-0.24647732998829,0.058,0.068,1,"EPOR","NO",NA
"DDR2",0.0509050887600593,0.137136077126094,0.101,0.089,1,"DDR2","NO",NA
"NR1H2",0.0509787560920897,-0.139112538637316,0.272,0.287,1,"NR1H2","NO",NA
"CDH5",0.0529157637858781,-0.364216396495291,0.049,0.058,1,"CDH5","NO",NA
"MS4A4A",0.0533281521728382,-0.311023323168985,0.069,0.079,1,"MS4A4A","NO",NA
"SMAD3",0.0555147421263022,0.150173223935406,0.082,0.072,1,"SMAD3","NO",NA
"EZR",0.0555373731694162,0.233755109520336,0.081,0.071,1,"EZR","NO",NA
"CRIP1",0.0557029931651531,-0.158897712485723,0.257,0.27,1,"CRIP1","NO",NA
"LY6D",0.0575179393688697,-0.331383969430776,0.047,0.056,1,"LY6D","NO",NA
"KDR",0.0582798659953301,-0.372919309094581,0.064,0.074,1,"KDR","NO",NA
"PECAM1",0.059655358227298,-0.471589932518297,0.074,0.084,1,"PECAM1","NO",NA
"RGS2",0.0603907677244858,0.174297330915276,0.071,0.062,1,"RGS2","NO",NA
"BID",0.0607919958303493,0.101182520159906,0.136,0.122,1,"BID","NO",NA
"SOX4",0.0614796926110333,0.155271004366845,0.07,0.061,1,"SOX4","NO",NA
"CTSG",0.0618160783940968,-0.215034777557305,0.054,0.063,1,"CTSG","NO",NA
"IL12RB1",0.0632974096773825,-0.286380419945668,0.104,0.116,1,"IL12RB1","NO",NA
"COL5A3",0.0640795625776109,-0.294859406308163,0.084,0.095,1,"COL5A3","NO",NA
"CIDEA",0.0644097673787521,-0.286953012254308,0.055,0.064,1,"CIDEA","NO",NA
"HMGB2",0.0654558016445631,-0.512206366447017,0.04,0.048,1,"HMGB2","NO",NA
"ITGB1",0.0672118255964036,0.134060207175957,0.135,0.123,1,"ITGB1","NO",NA
"CDH19",0.0677291386775797,-0.162262529121743,0.185,0.198,1,"CDH19","NO",NA
"KRT10",0.0689594891332363,0.110059613479395,0.069,0.06,1,"KRT10","NO",NA
"BGN",0.0695561657344089,-0.225807242754636,0.176,0.189,1,"BGN","NO",NA
"CHI3L1",0.0706674431741012,-0.156618236951739,0.119,0.132,1,"CHI3L1","NO",NA
"VIM",0.0715009520155622,0.146383658244853,0.135,0.123,1,"VIM","NO",NA
"ADGRL4",0.072883686083555,0.257859763545545,0.062,0.053,1,"ADGRL4","NO",NA
"COL5A1",0.0731699605874715,-0.254089024422265,0.054,0.063,1,"COL5A1","NO",NA
"ICAM3",0.0732675142405056,-0.22153367164254,0.045,0.053,1,"ICAM3","NO",NA
"KRT16",0.0740432119472075,0.319927223905291,0.08,0.071,1,"KRT16","NO",NA
"SPOCK2",0.0744736709592192,0.374954621970812,0.084,0.075,1,"SPOCK2","NO",NA
"S100A8",0.0749826060876066,-0.296542414320956,0.054,0.062,1,"S100A8","NO",NA
"RNF43",0.0750175170775955,-0.242563958231985,0.07,0.08,1,"RNF43","NO",NA
"SRGN",0.0750349481914502,-0.319651506933366,0.054,0.063,1,"SRGN","NO",NA
"CD2",0.0751311376326062,0.262572043074405,0.096,0.087,1,"CD2","NO",NA
"RGS13",0.0780695718736108,-0.324085782077081,0.041,0.049,1,"RGS13","NO",NA
"LINC02446",0.0789487312970559,-0.338210675491541,0.062,0.071,1,"LINC02446","NO",NA
"ITGB6",0.0790526675786434,-0.305240363193525,0.055,0.064,1,"ITGB6","NO",NA
"FPR1",0.0801664366001244,0.13850775504342,0.076,0.067,1,"FPR1","NO",NA
"AXL",0.0808690442633936,-0.41931255286819,0.071,0.08,1,"AXL","NO",NA
"EPHB3",0.0812002617928119,-0.296297802126342,0.064,0.073,1,"EPHB3","NO",NA
"TNFSF12",0.0813081088521478,0.262804120972151,0.086,0.077,1,"TNFSF12","NO",NA
"PDGFRB",0.081699467788068,-0.166812231750741,0.072,0.081,1,"PDGFRB","NO",NA
"ICAM1",0.0828522181820287,0.106958433402149,0.074,0.065,1,"ICAM1","NO",NA
"TAP2",0.0830138052203369,0.206697240732614,0.061,0.053,1,"TAP2","NO",NA
"PDCD1LG2",0.0846164767913227,-0.437105131273164,0.048,0.056,1,"PDCD1LG2","NO",NA
"KRT8",0.0873726659265324,0.121385087346979,0.171,0.158,1,"KRT8","NO",NA
"RUNX3",0.0874862753614419,-0.185467750023165,0.062,0.071,1,"RUNX3","NO",NA
"SRC",0.0891807639259421,0.246940869841897,0.083,0.074,1,"SRC","NO",NA
"FAP",0.0899442705162879,0.25681310713854,0.076,0.067,1,"FAP","NO",NA
"CLEC2B",0.0910181705751941,-0.337678972506276,0.046,0.054,1,"CLEC2B","NO",NA
"RAMP1",0.0922126042599941,-0.152265089437377,0.086,0.096,1,"RAMP1","NO",NA
"CX3CR1",0.0928455101624195,0.167187615210242,0.072,0.064,1,"CX3CR1","NO",NA
"FGF7",0.0939793085201247,-0.423092601967963,0.044,0.051,1,"FGF7","NO",NA
"BMP1",0.0940302021374242,-0.459915380893462,0.06,0.068,1,"BMP1","NO",NA
"NFKB1",0.097137363570966,-0.264591296597998,0.066,0.075,1,"NFKB1","NO",NA
"ICA1",0.100901922799253,-0.272917114994089,0.086,0.096,1,"ICA1","NO",NA
"TIE1",0.101503372399626,-0.371774378191573,0.051,0.058,1,"TIE1","NO",NA
"CD36",0.104038996883587,-0.211619084948709,0.107,0.117,1,"CD36","NO",NA
"MAPK14",0.10751968402875,-0.208989012988885,0.101,0.111,1,"MAPK14","NO",NA
"DHRS2",0.109358835997131,-0.434423024399896,0.066,0.075,1,"DHRS2","NO",NA
"PTGES",0.109790512070851,-0.321994126558463,0.046,0.053,1,"PTGES","NO",NA
"IL12B",0.1107163663273,-0.406711832875032,0.051,0.059,1,"IL12B","NO",NA
"HCK",0.111599434999386,-0.218026381145358,0.063,0.071,1,"HCK","NO",NA
"CD5L",0.111966259190095,-0.353692960989221,0.067,0.076,1,"CD5L","NO",NA
"CD86",0.112176430583419,-0.156511329780575,0.053,0.061,1,"CD86","NO",NA
"C1QC",0.112355219221494,-0.272619525728442,0.096,0.105,1,"C1QC","NO",NA
"S100A10",0.113858812764208,-0.151241347005363,0.268,0.281,1,"S100A10","NO",NA
"IL27RA",0.114413687818453,-0.288500851743702,0.039,0.045,1,"IL27RA","NO",NA
"LEFTY1",0.114545483897986,-0.2190960934375,0.069,0.077,1,"LEFTY1","NO",NA
"CXCL14",0.115666678847195,-0.207690808047284,0.069,0.078,1,"CXCL14","NO",NA
"ACVR1",0.116312809354885,0.153269703034088,0.117,0.107,1,"ACVR1","NO",NA
"ADGRG6",0.116880097203595,-0.375571824114276,0.098,0.107,1,"ADGRG6","NO",NA
"EPHB4",0.11748907121523,0.204647398972627,0.085,0.076,1,"EPHB4","NO",NA
"IL6",0.118531680013148,-0.242546667046695,0.107,0.117,1,"IL6","NO",NA
"CCL21",0.119373701494396,-0.206804280018936,0.065,0.073,1,"CCL21","NO",NA
"PTPRCAP",0.119552808619595,0.233045613388164,0.07,0.062,1,"PTPRCAP","NO",NA
"S100A9",0.12033254803906,0.247660600105486,0.057,0.05,1,"S100A9","NO",NA
"DDC",0.122467907316529,-0.347828462474513,0.068,0.076,1,"DDC","NO",NA
"CD83",0.123927721684132,-0.41655580936907,0.055,0.062,1,"CD83","NO",NA
"B3GNT7",0.12711119631982,-0.234930978627942,0.031,0.036,1,"B3GNT7","NO",NA
"ENO1",0.12757448618511,0.139729312072698,0.117,0.107,1,"ENO1","NO",NA
"CPA3",0.127790126651712,0.216317263665911,0.069,0.062,1,"CPA3","NO",NA
"GSTP1",0.128162071439987,-0.273796718885074,0.065,0.073,1,"GSTP1","NO",NA
"ESR1",0.128590371457632,0.119552002146287,0.106,0.096,1,"ESR1","NO",NA
"MSMB",0.12922729462453,-0.175589660879732,0.042,0.048,1,"MSMB","NO",NA
"SOSTDC1",0.13202061884248,-0.193582185602852,0.079,0.087,1,"SOSTDC1","NO",NA
"CD93",0.13218343126722,-0.252997875307344,0.073,0.081,1,"CD93","NO",NA
"CRYAB",0.133004284331516,-0.164289896629442,0.079,0.088,1,"CRYAB","NO",NA
"IL2RA",0.134684545682466,-0.285408387229721,0.037,0.043,1,"IL2RA","NO",NA
"CD22",0.13578943968181,-0.317729271084705,0.04,0.046,1,"CD22","NO",NA
"MARCKSL1",0.138221519389784,-0.291013560830842,0.108,0.117,1,"MARCKSL1","NO",NA
"MMP7",0.140735051156818,-0.161380777098178,0.159,0.169,1,"MMP7","NO",NA
"MXRA8",0.140891097163919,-0.151217922290511,0.065,0.072,1,"MXRA8","NO",NA
"QRFPR",0.141242611969501,-0.344092486366867,0.062,0.069,1,"QRFPR","NO",NA
"CD276",0.143347345746105,-0.237958177935019,0.096,0.105,1,"CD276","NO",NA
"ATG5",0.143582100139316,0.171268003705954,0.135,0.125,1,"ATG5","NO",NA
"S100A6",0.147968834721885,-0.199262537464976,0.186,0.196,1,"S100A6","NO",NA
"TLR3",0.14820901906863,-0.201484425575021,0.051,0.058,1,"TLR3","NO",NA
"SST",0.149733224859862,-0.234147883502247,0.057,0.063,1,"SST","NO",NA
"EGF",0.150358006632261,-0.181951266609775,0.048,0.055,1,"EGF","NO",NA
"RORA",0.150803553004786,0.19611217862174,0.095,0.087,1,"RORA","NO",NA
"IL1R2",0.151765172903068,-0.270428580947483,0.059,0.066,1,"IL1R2","NO",NA
"DUSP2",0.151844090072659,-0.140417035075578,0.168,0.179,1,"DUSP2","NO",NA
"LPAR5",0.153189762984677,-0.151047244854603,0.073,0.08,1,"LPAR5","NO",NA
"NR2F2",0.155109898275112,-0.195988000168816,0.269,0.279,1,"NR2F2","NO",NA
"EPHA2",0.155509724021242,0.138303945411207,0.11,0.101,1,"EPHA2","NO",NA
"TNFRSF10A",0.155844434788747,-0.109793588387157,0.034,0.04,1,"TNFRSF10A","NO",NA
"ITGAE",0.156821154511993,-0.193151309827654,0.074,0.081,1,"ITGAE","NO",NA
"CST7",0.156997151721747,0.150706101732601,0.07,0.063,1,"CST7","NO",NA
"CLEC14A",0.161792755544858,-0.113690936871035,0.067,0.074,1,"CLEC14A","NO",NA
"CCRL2",0.16218711846144,-0.213709994121347,0.055,0.062,1,"CCRL2","NO",NA
"NDRG1",0.16282312306986,-0.320957205333612,0.063,0.07,1,"NDRG1","NO",NA
"GNLY",0.163187837290353,0.205283760185866,0.051,0.044,1,"GNLY","NO",NA
"CNTFR",0.166261020196304,0.216592214381251,0.104,0.096,1,"CNTFR","NO",NA
"RXRB",0.166774116854297,0.107200809082832,0.121,0.112,1,"RXRB","NO",NA
"FCGBP",0.167453089372742,0.269422968669667,0.056,0.05,1,"FCGBP","NO",NA
"TFEB",0.17175561528921,-0.279319428647768,0.043,0.049,1,"TFEB","NO",NA
"IL2RG",0.175355656607744,-0.328593744370327,0.038,0.043,1,"IL2RG","NO",NA
"CCL2",0.177042559922432,0.172971824097611,0.06,0.054,1,"CCL2","NO",NA
"COL17A1",0.177831903608913,-0.328293960962044,0.059,0.065,1,"COL17A1","NO",NA
"IGFBP7",0.178039419872104,-0.308239581734982,0.125,0.133,1,"IGFBP7","NO",NA
"TGFB1",0.178959321738228,-0.229308684678506,0.058,0.065,1,"TGFB1","NO",NA
"ADGRG3",0.180393171838818,-0.405050676790722,0.05,0.056,1,"ADGRG3","NO",NA
"TGFB2",0.182071544932015,-0.182189451639098,0.154,0.164,1,"TGFB2","NO",NA
"JAK2",0.182634697099276,-0.171862174601346,0.096,0.104,1,"JAK2","NO",NA
"TNFRSF10D",0.18401542948148,0.127647088213671,0.078,0.071,1,"TNFRSF10D","NO",NA
"SFN",0.185999074376774,-0.252917561339583,0.074,0.082,1,"SFN","NO",NA
"EGFR",0.186208683700031,-0.220991366068987,0.109,0.117,1,"EGFR","NO",NA
"WNT5A",0.186892475902567,-0.227733491316451,0.077,0.084,1,"WNT5A","NO",NA
"LCN2",0.187102550255812,-0.165866389432269,0.053,0.059,1,"LCN2","NO",NA
"TOX",0.189152698001102,-0.226532010913162,0.062,0.069,1,"TOX","NO",NA
"GPR183",0.191025322459556,0.145693724322778,0.06,0.054,1,"GPR183","NO",NA
"GDF15",0.192289327875678,-0.359688847354544,0.065,0.071,1,"GDF15","NO",NA
"FYB1",0.192844522314389,-0.249686810486379,0.06,0.066,1,"FYB1","NO",NA
"IRF4",0.193242777346155,-0.337128346046393,0.06,0.067,1,"IRF4","NO",NA
"TWIST2",0.194409751691804,-0.270279836333167,0.04,0.046,1,"TWIST2","NO",NA
"FGR",0.195611125644216,-0.322046530704243,0.06,0.067,1,"FGR","NO",NA
"DPP4",0.196289025741844,-0.156015146186363,0.064,0.071,1,"DPP4","NO",NA
"IL22RA1",0.197150404381469,-0.186624439591567,0.05,0.056,1,"IL22RA1","NO",NA
"EPCAM",0.197302408999646,-0.523010359499352,0.046,0.051,1,"EPCAM","NO",NA
"KITLG",0.197947027931452,-0.248680734575653,0.077,0.084,1,"KITLG","NO",NA
"ANGPT1",0.199883531087162,0.279965897074379,0.08,0.073,1,"ANGPT1","NO",NA
"PLAC9",0.201958983392416,-0.263994668684104,0.066,0.072,1,"PLAC9","NO",NA
"MZB1",0.202596514988674,-0.386988081482284,0.078,0.084,1,"MZB1","NO",NA
"COL1A2",0.204721748024141,0.164624842651501,0.073,0.067,1,"COL1A2","NO",NA
"IGF1R",0.205087181424915,-0.356662281615381,0.045,0.05,1,"IGF1R","NO",NA
"IL11",0.205689415918678,-0.227109457677264,0.071,0.078,1,"IL11","NO",NA
"BAG3",0.207373557288909,-0.25590738754958,0.054,0.061,1,"BAG3","NO",NA
"GPBAR1",0.20828574368161,-0.246834467841464,0.058,0.064,1,"GPBAR1","NO",NA
"COL4A1",0.211592648744414,-0.224979181920649,0.2,0.209,1,"COL4A1","NO",NA
"IL17RA",0.211912895073292,-0.29059047655101,0.079,0.086,1,"IL17RA","NO",NA
"TNFRSF9",0.213071153710878,0.146717253241049,0.072,0.066,1,"TNFRSF9","NO",NA
"COL5A2",0.213171673674844,0.103616705501076,0.086,0.079,1,"COL5A2","NO",NA
"KLRB1",0.217883937832282,-0.113069405696021,0.065,0.071,1,"KLRB1","NO",NA
"SCG5",0.218247258931803,-0.220010701131993,0.07,0.077,1,"SCG5","NO",NA
"YBX3",0.219840054354229,-0.158014186841024,0.329,0.335,1,"YBX3","NO",NA
"PTGDR2",0.222244120341734,-0.12156264587458,0.046,0.052,1,"PTGDR2","NO",NA
"AZU1",0.222351856352904,-0.170210907630107,0.084,0.091,1,"AZU1","NO",NA
"PXDN",0.222530775663415,-0.156506587490427,0.046,0.051,1,"PXDN","NO",NA
"PCNA",0.226738070702616,0.111468353087353,0.094,0.087,1,"PCNA","NO",NA
"NPR3",0.230500248037349,-0.143646766710171,0.11,0.118,1,"NPR3","NO",NA
"NLRC4",0.23147585252078,-0.146557193117455,0.073,0.08,1,"NLRC4","NO",NA
"ITGA2",0.23903484338952,-0.258023707572281,0.138,0.146,1,"ITGA2","NO",NA
"TNFRSF18",0.239944371397019,-0.162918598819405,0.072,0.078,1,"TNFRSF18","NO",NA
"SLA",0.24134764452454,0.228157562038595,0.062,0.057,1,"SLA","NO",NA
"SYK",0.242855868596599,-0.140800263575096,0.047,0.053,1,"SYK","NO",NA
"CMKLR1",0.24320408803415,-0.150465722246095,0.08,0.086,1,"CMKLR1","NO",NA
"FGF12",0.246865107807832,-0.278740398663155,0.055,0.06,1,"FGF12","NO",NA
"APOD",0.252078231431195,0.121275687023777,0.042,0.037,1,"APOD","NO",NA
"HEY1",0.255117908466522,-0.16580916434074,0.238,0.246,1,"HEY1","NO",NA
"C11orf96",0.255709257800635,0.145064576859693,0.11,0.103,1,"C11orf96","NO",NA
"S100P",0.256201257359811,-0.108302699294451,0.074,0.068,1,"S100P","NO",NA
"CD274",0.256607828696776,-0.201347887354434,0.086,0.093,1,"CD274","NO",NA
"ENTPD1",0.261619543486081,-0.245263727099967,0.072,0.078,1,"ENTPD1","NO",NA
"COL4A5",0.263687573703714,-0.284271992077303,0.069,0.075,1,"COL4A5","NO",NA
"IL17RE",0.263775858982948,-0.103364937983107,0.052,0.057,1,"IL17RE","NO",NA
"HGF",0.265905457574805,-0.141673443189339,0.034,0.039,1,"HGF","NO",NA
"CCDC80",0.267464467859788,-0.167215149127734,0.086,0.092,1,"CCDC80","NO",NA
"KRT17",0.26766464604921,-0.271795930821802,0.067,0.073,1,"KRT17","NO",NA
"CLEC12A",0.268411286265553,-0.2937037498086,0.067,0.073,1,"CLEC12A","NO",NA
"CXCL12",0.269594169661316,-0.140897022385345,0.109,0.116,1,"CXCL12","NO",NA
"RXRA",0.2701737294276,-0.121179490041551,0.138,0.129,1,"RXRA","NO",NA
"CFLAR",0.272964307193248,0.169058612997025,0.132,0.124,1,"CFLAR","NO",NA
"VSIR",0.2761528889409,-0.209589352347674,0.074,0.08,1,"VSIR","NO",NA
"NANOG",0.277097776639587,-0.322926140812187,0.089,0.095,1,"NANOG","NO",NA
"IFIH1",0.279180703793519,-0.225948698348792,0.078,0.084,1,"IFIH1","NO",NA
"COTL1",0.283452706725887,-0.117295990612329,0.094,0.101,1,"COTL1","NO",NA
"FGFR1",0.284049095477577,0.146997479302137,0.053,0.048,1,"FGFR1","NO",NA
"ETV5",0.286882849777396,0.149104775747305,0.069,0.064,1,"ETV5","NO",NA
"FZD4",0.286986130306714,-0.164896742768581,0.07,0.076,1,"FZD4","NO",NA
"TPI1",0.288719984765666,0.166449781939133,0.172,0.165,1,"TPI1","NO",NA
"P2RX5",0.290409387200975,0.164580077159319,0.051,0.047,1,"P2RX5","NO",NA
"DUSP5",0.291674268782169,-0.199498169851102,0.071,0.076,1,"DUSP5","NO",NA
"ELANE",0.293632977772905,-0.205605632298225,0.069,0.074,1,"ELANE","NO",NA
"TNFSF4",0.295233873728004,-0.11907728108161,0.036,0.04,1,"TNFSF4","NO",NA
"CD209",0.297287405280394,-0.217431308827779,0.053,0.057,1,"CD209","NO",NA
"ACP5",0.299745345023851,-0.130198532826866,0.112,0.104,1,"ACP5","NO",NA
"PTEN",0.300059468993766,0.106286092123226,0.065,0.06,1,"PTEN","NO",NA
"FGF9",0.30223653122435,0.16153172655658,0.053,0.048,1,"FGF9","NO",NA
"ACTA2",0.303579280295298,-0.148027004762172,0.057,0.062,1,"ACTA2","NO",NA
"CD164",0.305047956327958,-0.156977649317869,0.148,0.138,1,"CD164","NO",NA
"LTBR",0.307488892067664,0.144789500721448,0.129,0.122,1,"LTBR","NO",NA
"IFI27",0.308097519970487,-0.316995145956823,0.096,0.102,1,"IFI27","NO",NA
"LAMP3",0.309331959971932,-0.282610856768426,0.063,0.068,1,"LAMP3","NO",NA
"KRAS",0.312380900714562,-0.104946970986907,0.072,0.078,1,"KRAS","NO",NA
"ATG10",0.312882283518628,-0.229467765777268,0.083,0.088,1,"ATG10","NO",NA
"TYK2",0.315555062903116,-0.206456174799338,0.073,0.078,1,"TYK2","NO",NA
"ATR",0.316279954603202,-0.265176937862271,0.099,0.105,1,"ATR","NO",NA
"THSD4",0.319595277541353,-0.10576661052043,0.143,0.15,1,"THSD4","NO",NA
"OLR1",0.319761931501816,0.240277734594957,0.056,0.052,1,"OLR1","NO",NA
"AIF1",0.319774253144058,-0.440145256171836,0.072,0.077,1,"AIF1","NO",NA
"CD19",0.320655932744767,-0.106512963460121,0.112,0.119,1,"CD19","NO",NA
"LYVE1",0.321478039248559,-0.239452544970823,0.07,0.075,1,"LYVE1","NO",NA
"CD84",0.32334699766733,-0.313171799246599,0.044,0.048,1,"CD84","NO",NA
"CELSR2",0.323851927863596,-0.252040252059915,0.052,0.056,1,"CELSR2","NO",NA
"ROR1",0.324257312031622,-0.281537731196855,0.067,0.072,1,"ROR1","NO",NA
"RAG1",0.331369283593982,-0.113478533646672,0.059,0.063,1,"RAG1","NO",NA
"SPRY2",0.333208538917546,0.120017766411426,0.057,0.052,1,"SPRY2","NO",NA
"NUSAP1",0.335208176397648,-0.161822613080621,0.072,0.077,1,"NUSAP1","NO",NA
"MT2A",0.336039771280019,-0.121752418163283,0.543,0.535,1,"MT2A","NO",NA
"CSF2RA",0.336640733528342,-0.105867819464975,0.093,0.098,1,"CSF2RA","NO",NA
"UPK3A",0.339999545836223,-0.265841505568178,0.071,0.075,1,"UPK3A","NO",NA
"PDGFA",0.343543752584744,-0.182622698738155,0.064,0.069,1,"PDGFA","NO",NA
"ATF3",0.348261247005276,-0.168021299103204,0.071,0.076,1,"ATF3","NO",NA
"DMBT1",0.348484891908973,-0.249280709702992,0.068,0.073,1,"DMBT1","NO",NA
"TYROBP",0.349004406021887,-0.211201511603393,0.084,0.089,1,"TYROBP","NO",NA
"COX4I2",0.352413741191643,-0.161322204765529,0.055,0.051,1,"COX4I2","NO",NA
"CASP3",0.354505728661685,0.214164045697062,0.059,0.055,1,"CASP3","NO",NA
"IL36G",0.355724295317666,-0.12655133721277,0.062,0.067,1,"IL36G","NO",NA
"IL2",0.356998177871386,-0.151578713990222,0.051,0.055,1,"IL2","NO",NA
"HDAC4",0.367203983531717,-0.2338073760686,0.062,0.066,1,"HDAC4","NO",NA
"ADGRF5",0.368193111750971,-0.107867655264835,0.08,0.074,1,"ADGRF5","NO",NA
"BRCA1",0.368950422946004,-0.292061293679774,0.048,0.052,1,"BRCA1","NO",NA
"LGALS9",0.369260276686211,-0.259512459610274,0.072,0.077,1,"LGALS9","NO",NA
"EPHB6",0.370101428673933,-0.111712989431773,0.105,0.111,1,"EPHB6","NO",NA
"CLEC1A",0.372650210099008,0.10910656553408,0.082,0.078,1,"CLEC1A","NO",NA
"LTB",0.375495736158956,-0.17276335206064,0.098,0.104,1,"LTB","NO",NA
"LGR5",0.378227028120205,-0.321783146761779,0.059,0.063,1,"LGR5","NO",NA
"KRT5",0.382389318503235,-0.154013879855603,0.061,0.065,1,"KRT5","NO",NA
"FABP5",0.382565761752221,-0.180810360958955,0.057,0.061,1,"FABP5","NO",NA
"PTPRC",0.387645473306099,0.255768432469401,0.057,0.054,1,"PTPRC","NO",NA
"TEK",0.388005776823579,-0.148134963991448,0.063,0.067,1,"TEK","NO",NA
"FAM30A",0.391821938551352,0.154610387870474,0.055,0.051,1,"FAM30A","NO",NA
"ADGRG1",0.393961665756709,0.155368749258385,0.061,0.057,1,"ADGRG1","NO",NA
"MYC",0.395263046730224,0.144182202167571,0.08,0.076,1,"MYC","NO",NA
"RAMP3",0.396468965831131,-0.136614592966178,0.101,0.106,1,"RAMP3","NO",NA
"MAF",0.396567163561714,-0.132944470977308,0.147,0.152,1,"MAF","NO",NA
"STAT5B",0.39694031387341,-0.16725220535423,0.057,0.061,1,"STAT5B","NO",NA
"CD28",0.399470764690559,-0.218078787091796,0.187,0.192,1,"CD28","NO",NA
"IAPP",0.400467289236823,-0.143003215594854,0.055,0.059,1,"IAPP","NO",NA
"NOTCH3",0.415358347772913,-0.29850429831495,0.045,0.049,1,"NOTCH3","NO",NA
"STAT4",0.415590173476337,0.170751940363679,0.063,0.059,1,"STAT4","NO",NA
"TNF",0.418781833057009,-0.217244114357916,0.044,0.047,1,"TNF","NO",NA
"CD55",0.423568820673661,0.140526004750654,0.104,0.099,1,"CD55","NO",NA
"CASR",0.424376345392179,-0.120353937414641,0.065,0.069,1,"CASR","NO",NA
"MAPK13",0.424791224925603,0.113862621982284,0.073,0.069,1,"MAPK13","NO",NA
"FABP4",0.426635302044787,-0.181827279306818,0.058,0.062,1,"FABP4","NO",NA
"ESAM",0.427957074464411,-0.264662824756282,0.067,0.071,1,"ESAM","NO",NA
"GPER1",0.428741277017862,-0.170100566843228,0.093,0.097,1,"GPER1","NO",NA
"PTK2",0.431568775171207,-0.183190060990445,0.109,0.114,1,"PTK2","NO",NA
"CSF3",0.431944775159687,-0.14933701891853,0.072,0.076,1,"CSF3","NO",NA
"INHBB",0.434541166824913,0.188641202937321,0.064,0.06,1,"INHBB","NO",NA
"ITGA3",0.437775441240423,-0.185840487269569,0.062,0.066,1,"ITGA3","NO",NA
"IL16",0.439960417031281,-0.314214995610021,0.073,0.077,1,"IL16","NO",NA
"CHEK1",0.445272412186191,0.135891536542408,0.088,0.084,1,"CHEK1","NO",NA
"ITM2A",0.454146719690929,0.10535748848849,0.054,0.058,1,"ITM2A","NO",NA
"VEGFC",0.45464021086308,-0.225270919002358,0.07,0.073,1,"VEGFC","NO",NA
"HCST",0.458221986435395,-0.220468739973712,0.033,0.036,1,"HCST","NO",NA
"CALM2",0.460218157608814,-0.144969246441831,0.131,0.125,1,"CALM2","NO",NA
"IFNG",0.465218233860514,-0.167377506009043,0.044,0.047,1,"IFNG","NO",NA
"MS4A1",0.466431463639824,-0.230081868252035,0.071,0.075,1,"MS4A1","NO",NA
"IL12RB2",0.467980245552604,-0.149351527940819,0.07,0.074,1,"IL12RB2","NO",NA
"PNOC",0.469668836473499,-0.294407101644377,0.059,0.062,1,"PNOC","NO",NA
"CCR2",0.473356392049334,-0.17089041226629,0.076,0.072,1,"CCR2","NO",NA
"HMGCS1",0.473547885651476,-0.11745694398103,0.131,0.126,1,"HMGCS1","NO",NA
"MMP1",0.47613381861889,-0.22057083160172,0.054,0.057,1,"MMP1","NO",NA
"SERPINH1",0.478163665616981,-0.210000796509258,0.05,0.053,1,"SERPINH1","NO",NA
"ANGPTL1",0.480332471836719,-0.182148108749961,0.093,0.097,1,"ANGPTL1","NO",NA
"ADGRL2",0.481891829491853,-0.15490900902653,0.085,0.089,1,"ADGRL2","NO",NA
"MS4A6A",0.48373496772258,-0.239501130256812,0.084,0.088,1,"MS4A6A","NO",NA
"IL12A",0.491042160320391,-0.118992422527509,0.055,0.058,1,"IL12A","NO",NA
"IL1R1",0.491537701306686,-0.12875959272818,0.103,0.098,1,"IL1R1","NO",NA
"TNFRSF11A",0.491632770453367,-0.316680050028962,0.054,0.057,1,"TNFRSF11A","NO",NA
"ACE",0.491799040321219,-0.23592026535858,0.066,0.07,1,"ACE","NO",NA
"HSPG2",0.493642278434221,-0.206633311772868,0.097,0.101,1,"HSPG2","NO",NA
"CTSW",0.495189034927769,-0.140760117415402,0.068,0.064,1,"CTSW","NO",NA
"COL3A1",0.495564695634411,-0.22068219154318,0.079,0.083,1,"COL3A1","NO",NA
"CD70",0.49881653244363,-0.254595343361112,0.076,0.079,1,"CD70","NO",NA
"MSR1",0.509840844966242,-0.111434189762583,0.062,0.059,1,"MSR1","NO",NA
"MMP14",0.519101398503667,-0.238654663064213,0.078,0.081,1,"MMP14","NO",NA
"TXK",0.519163704755767,-0.103134778782758,0.082,0.086,1,"TXK","NO",NA
"EPHA4",0.520142962820615,-0.10547938001098,0.074,0.078,1,"EPHA4","NO",NA
"MAML2",0.52203171505726,-0.250259681345337,0.067,0.071,1,"MAML2","NO",NA
"LTF",0.522553643236495,-0.112843516909316,0.046,0.049,1,"LTF","NO",NA
"MARCO",0.523547857900457,-0.154345798901883,0.046,0.049,1,"MARCO","NO",NA
"MMP9",0.529315792809541,0.104679670026035,0.066,0.063,1,"MMP9","NO",NA
"FFAR3",0.53062957512705,-0.215803215869416,0.072,0.075,1,"FFAR3","NO",NA
"WNT7A",0.53802435662773,-0.206058651612238,0.056,0.059,1,"WNT7A","NO",NA
"CCL15",0.543996295098697,-0.1176348829319,0.104,0.107,1,"CCL15","NO",NA
"SEC61G",0.545228780482521,-0.11389638084682,0.069,0.072,1,"SEC61G","NO",NA
"ATG12",0.554372456551605,0.127569053738223,0.102,0.099,1,"ATG12","NO",NA
"OSM",0.560592828469255,-0.320554818420741,0.061,0.058,1,"OSM","NO",NA
"ADGRA2",0.562476829509156,-0.112791273395915,0.191,0.196,1,"ADGRA2","NO",NA
"FGF1",0.569444754693888,-0.120255245119534,0.052,0.055,1,"FGF1","NO",NA
"ETS1",0.576661190512715,-0.148541923985999,0.051,0.053,1,"ETS1","NO",NA
"LAIR1",0.580081758277765,-0.192984717077698,0.073,0.076,1,"LAIR1","NO",NA
"PRTN3",0.582799702687805,-0.104515019861132,0.057,0.06,1,"PRTN3","NO",NA
"IL2RB",0.583383952724303,-0.256686245855338,0.062,0.065,1,"IL2RB","NO",NA
"ATM",0.584768678378449,-0.248085309176113,0.076,0.079,1,"ATM","NO",NA
"ITGA9",0.586379504957312,-0.161690760840265,0.206,0.21,1,"ITGA9","NO",NA
"MERTK",0.592622955860855,-0.124246022695175,0.065,0.068,1,"MERTK","NO",NA
"CCL22",0.596403678764809,-0.311662911952678,0.051,0.053,1,"CCL22","NO",NA
"CCL11",0.597209188517395,-0.150086560407585,0.1,0.103,1,"CCL11","NO",NA
"PLCG1",0.599375774314713,0.106151613954894,0.058,0.061,1,"PLCG1","NO",NA
"TLR1",0.603217969082861,-0.225548128422825,0.068,0.07,1,"TLR1","NO",NA
"CXCL8",0.60417404466144,0.111046173446262,0.078,0.075,1,"CXCL8","NO",NA
"EZH2",0.605454494400094,-0.16360511757923,0.086,0.089,1,"EZH2","NO",NA
"IL34",0.609341756341276,-0.176602054294164,0.052,0.054,1,"IL34","NO",NA
"PDGFRA",0.618006276738746,-0.253423006067308,0.066,0.068,1,"PDGFRA","NO",NA
"RARRES1",0.620903946373549,-0.15261923789403,0.046,0.048,1,"RARRES1","NO",NA
"SELPLG",0.620967555704087,-0.233421012676471,0.067,0.069,1,"SELPLG","NO",NA
"TWIST1",0.62285734573226,-0.205895048401064,0.229,0.229,1,"TWIST1","NO",NA
"CENPF",0.623674709689237,-0.172372920064481,0.046,0.048,1,"CENPF","NO",NA
"IL1A",0.629374347433989,-0.212338134997368,0.059,0.061,1,"IL1A","NO",NA
"FASLG",0.634911133602825,-0.201443426683694,0.058,0.06,1,"FASLG","NO",NA
"IGHM",0.637774810243922,-0.20955891848196,0.082,0.085,1,"IGHM","NO",NA
"KLRK1",0.642145624583219,-0.141452747264631,0.062,0.065,1,"KLRK1","NO",NA
"DST",0.644034230217285,-0.200313632547668,0.13,0.132,1,"DST","NO",NA
"FZD6",0.644035739679775,-0.124418962447735,0.051,0.053,1,"FZD6","NO",NA
"TIGIT",0.648365471595013,0.133438933038036,0.057,0.055,1,"TIGIT","NO",NA
"OAS2",0.6493643958998,-0.184730231098718,0.076,0.078,1,"OAS2","NO",NA
"FOXP3",0.651925795368499,-0.108248416734141,0.064,0.067,1,"FOXP3","NO",NA
"BMPR2",0.653704991666789,-0.221612836822854,0.069,0.071,1,"BMPR2","NO",NA
"HLA-DRA",0.664517538373762,-0.221340306017449,0.118,0.12,1,"HLA-DRA","NO",NA
"IL18",0.666049926897953,-0.238065187765369,0.045,0.046,1,"IL18","NO",NA
"TP53",0.667508363597869,0.218122323141947,0.05,0.049,1,"TP53","NO",NA
"VWF",0.669777427759098,-0.119768746717243,0.053,0.055,1,"VWF","NO",NA
"RSPO3",0.679021100414111,0.116675334040329,0.055,0.053,1,"RSPO3","NO",NA
"CD53",0.683135718876088,-0.188111660448771,0.068,0.069,1,"CD53","NO",NA
"TIMP1",0.683347674591507,-0.10972621089762,0.252,0.254,1,"TIMP1","NO",NA
"WNT5B",0.687451149297823,-0.132627198268067,0.053,0.054,1,"WNT5B","NO",NA
"XKR4",0.68881982570796,-0.144325085509906,0.061,0.059,1,"XKR4","NO",NA
"PSCA",0.692265424238302,-0.212327427248794,0.055,0.057,1,"PSCA","NO",NA
"CEACAM6",0.692813340989295,0.106581712628232,0.049,0.051,1,"CEACAM6","NO",NA
"MB",0.693660345860421,-0.168477038131145,0.039,0.037,1,"MB","NO",NA
"HIF1A",0.695792075249607,-0.267216785393189,0.071,0.073,1,"HIF1A","NO",NA
"OLFM4",0.705866759307196,0.18032821833001,0.062,0.061,1,"OLFM4","NO",NA
"SPINK1",0.709586697044203,-0.196789474702137,0.064,0.066,1,"SPINK1","NO",NA
"FCER1G",0.710501800457434,-0.259188155796586,0.041,0.043,1,"FCER1G","NO",NA
"HDAC3",0.71239713442636,-0.119904206752307,0.092,0.089,1,"HDAC3","NO",NA
"WNT9A",0.712765167051351,-0.196496701119422,0.099,0.101,1,"WNT9A","NO",NA
"MECOM",0.719153745724236,-0.218352069385555,0.055,0.056,1,"MECOM","NO",NA
"FZD3",0.722347544815084,-0.23937368234632,0.091,0.092,1,"FZD3","NO",NA
"IL17B",0.723378116534821,-0.216159409560725,0.09,0.092,1,"IL17B","NO",NA
"LINC01857",0.724160123190241,-0.209184146275731,0.052,0.054,1,"LINC01857","NO",NA
"ITGB4",0.729397121597578,-0.179559887636255,0.057,0.059,1,"ITGB4","NO",NA
"KRT13",0.72995506846426,-0.226585786679705,0.07,0.068,1,"KRT13","NO",NA
"MPO",0.731061143357755,-0.184052960864124,0.081,0.083,1,"MPO","NO",NA
"COL6A2",0.73605307628702,-0.124141574361095,0.076,0.073,1,"COL6A2","NO",NA
"JAG1",0.738042838333886,-0.128687819993284,0.051,0.053,1,"JAG1","NO",NA
"NELL2",0.751617941691835,-0.220500705381175,0.081,0.083,1,"NELL2","NO",NA
"ITGB2",0.755778884834495,-0.196598874986274,0.06,0.062,1,"ITGB2","NO",NA
"COL6A3",0.756975728107202,-0.14171891688034,0.095,0.092,1,"COL6A3","NO",NA
"MYH6",0.758271365191739,-0.33575113984691,0.058,0.056,1,"MYH6","NO",NA
"C1QB",0.763808260365346,0.118813888045451,0.088,0.086,1,"C1QB","NO",NA
"CD38",0.775810720571504,-0.139013032344962,0.061,0.062,1,"CD38","NO",NA
"CD37",0.775813287973857,-0.102322399318156,0.065,0.067,1,"CD37","NO",NA
"ICOS",0.781158178924851,-0.186480333649738,0.137,0.139,1,"ICOS","NO",NA
"EFNB2",0.782322924115544,0.122968970919051,0.045,0.047,1,"EFNB2","NO",NA
"COL14A1",0.783890864293535,-0.254858279303495,0.061,0.062,1,"COL14A1","NO",NA
"AHI1",0.788426737117976,-0.133171163843183,0.128,0.129,1,"AHI1","NO",NA
"FCRLA",0.792877357260306,-0.122593429843524,0.07,0.071,1,"FCRLA","NO",NA
"GATA3",0.794536817235352,0.285093256598179,0.08,0.079,1,"GATA3","NO",NA
"TNFSF9",0.798890074898602,-0.100452256507086,0.069,0.07,1,"TNFSF9","NO",NA
"SCGB3A1",0.802430827854538,0.114922130132111,0.057,0.058,1,"SCGB3A1","NO",NA
"LDB2",0.80943309669113,-0.205503528529527,0.074,0.075,1,"LDB2","NO",NA
"KRT19",0.814568359785187,0.14814120247883,0.049,0.048,1,"KRT19","NO",NA
"LUM",0.81599845538218,-0.158401283965472,0.072,0.073,1,"LUM","NO",NA
"CD79A",0.817065372576976,0.152149346772962,0.046,0.048,1,"CD79A","NO",NA
"TLR7",0.822920370868414,-0.110509323524508,0.059,0.06,1,"TLR7","NO",NA
"CLEC10A",0.822940390990926,-0.121051701409521,0.068,0.067,1,"CLEC10A","NO",NA
"TNFRSF17",0.824278311926846,-0.291060605150479,0.078,0.078,1,"TNFRSF17","NO",NA
"NRXN3",0.825151454763787,-0.113153863850802,0.062,0.063,1,"NRXN3","NO",NA
"TBX21",0.831461231391512,-0.148881776496531,0.08,0.081,1,"TBX21","NO",NA
"LAG3",0.833171763828635,-0.249886158165773,0.057,0.058,1,"LAG3","NO",NA
"HDAC5",0.841031087843715,-0.132047898599979,0.062,0.061,1,"HDAC5","NO",NA
"CLEC7A",0.842464199867479,-0.181302994327728,0.059,0.06,1,"CLEC7A","NO",NA
"TGFBR2",0.844489799329625,-0.181124633951483,0.068,0.067,1,"TGFBR2","NO",NA
"BST1",0.845082107496326,0.151233732397002,0.079,0.078,1,"BST1","NO",NA
"VEGFD",0.847389983925351,-0.109534146541811,0.097,0.098,1,"VEGFD","NO",NA
"GZMK",0.850524968662333,-0.117125696936404,0.081,0.079,1,"GZMK","NO",NA
"IL17D",0.853836587985934,-0.189053130208777,0.092,0.09,1,"IL17D","NO",NA
"CASP8",0.853946021259857,-0.100455867339391,0.065,0.064,1,"CASP8","NO",NA
"HPGDS",0.860702908034399,-0.119330852504508,0.077,0.078,1,"HPGDS","NO",NA
"SELL",0.8699702051145,-0.191378465014005,0.058,0.058,1,"SELL","NO",NA
"HDAC11",0.879085878240609,0.259042543061839,0.054,0.054,1,"HDAC11","NO",NA
"LIF",0.881293651917906,-0.109895636275263,0.101,0.1,1,"LIF","NO",NA
"ARHGDIB",0.886083939137343,-0.194478707034199,0.076,0.075,1,"ARHGDIB","NO",NA
"HSPB1",0.890944780971625,-0.124837247149009,0.153,0.151,1,"HSPB1","NO",NA
"TCL1A",0.896584285519141,-0.100334625684589,0.077,0.078,1,"TCL1A","NO",NA
"CXCR6",0.903644883624806,-0.156247453022817,0.07,0.069,1,"CXCR6","NO",NA
"EOMES",0.907754401567669,0.241417595933152,0.042,0.043,1,"EOMES","NO",NA
"SPARCL1",0.914553070370013,-0.119287181519148,0.062,0.063,1,"SPARCL1","NO",NA
"IL33",0.918644275759679,-0.157751458707687,0.082,0.081,1,"IL33","NO",NA
"CXCR1",0.922568976285955,-0.243802512369538,0.057,0.056,1,"CXCR1","NO",NA
"LAMA4",0.924189217631739,-0.138620542420331,0.067,0.068,1,"LAMA4","NO",NA
"PGR",0.93042080235502,-0.125641234288351,0.041,0.04,1,"PGR","NO",NA
"FGFR3",0.939452925338512,0.130571944683044,0.129,0.129,1,"FGFR3","NO",NA
"CALD1",0.942009298713639,-0.103868180682327,0.149,0.147,1,"CALD1","NO",NA
"TNNT2",0.947306531321209,-0.20377091918633,0.062,0.061,1,"TNNT2","NO",NA
"BAX",0.947658829776809,-0.154925488288866,0.081,0.08,1,"BAX","NO",NA
"ACVR1B",0.947691437931057,-0.117016889523913,0.102,0.101,1,"ACVR1B","NO",NA
"BTK",0.948069655691452,-0.19441467186018,0.077,0.076,1,"BTK","NO",NA
"COL9A2",0.948259848204794,-0.159947728371336,0.061,0.061,1,"COL9A2","NO",NA
"POU5F1",0.949555307277188,-0.170446072360909,0.09,0.09,1,"POU5F1","NO",NA
"ERBB3",0.951076745733088,-0.116691596331437,0.17,0.169,1,"ERBB3","NO",NA
"SOX9",0.955379152927032,-0.148370347728712,0.054,0.054,1,"SOX9","NO",NA
"ADM2",0.958169669293055,0.10215087263271,0.071,0.072,1,"ADM2","NO",NA
"MRC1",0.96171449258713,-0.254203515415103,0.065,0.064,1,"MRC1","NO",NA
"PDCD1",0.962150983187327,0.15256144330855,0.051,0.051,1,"PDCD1","NO",NA
"SERPINB5",0.963615381786604,0.108078505401351,0.059,0.059,1,"SERPINB5","NO",NA
"CD163",0.965863420810465,-0.16855801396772,0.059,0.058,1,"CD163","NO",NA
"CXCL13",0.967368468578687,-0.10035538286265,0.08,0.08,1,"CXCL13","NO",NA
"PTGS2",0.96876846548942,-0.20062804566301,0.074,0.073,1,"PTGS2","NO",NA
"ALCAM",0.969734534671985,-0.196395933457574,0.156,0.155,1,"ALCAM","NO",NA
"CLCF1",0.981966274386927,-0.112464959615691,0.059,0.059,1,"CLCF1","NO",NA
"ADGRA3",0.997342740466352,-0.108461189532981,0.132,0.132,1,"ADGRA3","NO",NA
"ICAM2",0.997465452451333,-0.193316441519541,0.074,0.073,1,"ICAM2","NO",NA
"COL11A1",0.99930752075376,-0.123565094638393,0.099,0.099,1,"COL11A1","NO",NA
