"","ID","Description","GeneRatio","BgRatio","pvalue","p.adjust","qvalue","geneID","Count","s1","log10pval"
"GOBP_RESPONSE_TO_TYPE_I_INTERFERON","GOBP_RESPONSE_TO_TYPE_I_INTERFERON","GOBP_RESPONSE_TO_TYPE_I_INTERFERON",0.0255102040816327,"92/18000",0.00332762113147573,0.0149532341984036,0.00868053658103521,"4938/4940/3661/3455/84166",5,"Upregulated",2.47786612645464
"GOBP_ANTIGEN_PROCESSING_AND_PRESENTATION","GOBP_ANTIGEN_PROCESSING_AND_PRESENTATION","GOBP_ANTIGEN_PROCESSING_AND_PRESENTATION",0.0306122448979592,"120/18000",0.00201922944192785,0.0100022295611775,0.00580641742419725,"972/567/3115/1236/6890/8530",6,"Upregulated",2.69481433004017
"GOBP_CELL_CYCLE_G2_M_PHASE_TRANSITION","GOBP_CELL_CYCLE_G2_M_PHASE_TRANSITION","GOBP_CELL_CYCLE_G2_M_PHASE_TRANSITION",0.0306122448979592,"161/18000",0.0084535038212158,0.0295388012371951,0.0171476378485916,"595/808/545/11200/1111/1063",6,"Upregulated",2.07296324669294
"GOBP_INTERLEUKIN_6_PRODUCTION","GOBP_INTERLEUKIN_6_PRODUCTION","GOBP_INTERLEUKIN_6_PRODUCTION",0.0510204081632653,"177/18000",2.47848545663378e-05,0.000296582810260109,0.000172169973372313,"7494/972/7099/7291/7124/7096/51284/5603/6376/1445",10,"Upregulated",4.60581362512366
"GOBP_EPITHELIAL_TO_MESENCHYMAL_TRANSITION","GOBP_EPITHELIAL_TO_MESENCHYMAL_TRANSITION","GOBP_EPITHELIAL_TO_MESENCHYMAL_TRANSITION",0.0555555555555556,"190/18000",0.00264723963376615,0.0232064531879577,0.015822581719062,"2022/7048/6615/5728/10253",5,"Downregulated",2.57720674365831
"GOBP_CELL_MATRIX_ADHESION1","GOBP_CELL_MATRIX_ADHESION","GOBP_CELL_MATRIX_ADHESION",0.0555555555555556,"242/18000",0.00733633359728312,0.0406807453885623,0.0277368718558379,"2266/7057/3655/5728/347",5,"Downregulated",2.13452092867866
"GOBP_RESPONSE_TO_TUMOR_NECROSIS_FACTOR1","GOBP_RESPONSE_TO_TUMOR_NECROSIS_FACTOR","GOBP_RESPONSE_TO_TUMOR_NECROSIS_FACTOR",0.0555555555555556,"243/18000",0.00746152996527894,0.0406854937817644,0.0277401093966575,"6095/7538/2353/7057/3576",5,"Downregulated",2.12717211256069
"GOBP_INTERFERON_MEDIATED_SIGNALING_PATHWAY","GOBP_INTERFERON_MEDIATED_SIGNALING_PATHWAY","GOBP_INTERFERON_MEDIATED_SIGNALING_PATHWAY",0.0561224489795918,"113/18000",4.25905870723443e-08,1.60090500818988e-06,9.29345070234931e-07,"3717/4261/4938/4940/3661/3455/7294/10062/3055/3460/84166",11,"Upregulated",7.37068637353221
"GOBP_MACROPHAGE_ACTIVATION","GOBP_MACROPHAGE_ACTIVATION","GOBP_MACROPHAGE_ACTIVATION",0.0561224489795918,"116/18000",5.597575933501e-08,1.98713945639286e-06,1.15355892337179e-06,"972/3717/7099/3566/10062/7124/7096/3460/6376/8530/3689",11,"Upregulated",7.2520000063194
"GOBP_RESPONSE_TO_TYPE_II_INTERFERON","GOBP_RESPONSE_TO_TYPE_II_INTERFERON","GOBP_RESPONSE_TO_TYPE_II_INTERFERON",0.0561224489795918,"128/18000",1.54709093133811e-07,4.56012819218711e-06,2.64721056737787e-06,"972/3717/4261/7099/7294/10062/7124/958/3055/3460/84166",11,"Upregulated",6.8104841595923
"GOBP_T_CELL_PROLIFERATION","GOBP_T_CELL_PROLIFERATION","GOBP_T_CELL_PROLIFERATION",0.0561224489795918,"225/18000",3.72296415391815e-05,0.000410167947302362,0.000238107544072733,"3481/80381/3717/51561/7293/3115/916/8744/3600/4609/80380",11,"Upregulated",4.42911114531008
"GOBP_VIRAL_PROCESS","GOBP_VIRAL_PROCESS","GOBP_VIRAL_PROCESS",0.0561224489795918,"410/18000",0.00541363600723515,0.0216207088038954,0.0125510876904583,"9235/972/4938/4940/4851/23601/7293/6714/7124/3694/3065",11,"Upregulated",2.26651094793076
"GOBP_RESPONSE_TO_TUMOR_NECROSIS_FACTOR","GOBP_RESPONSE_TO_TUMOR_NECROSIS_FACTOR","GOBP_RESPONSE_TO_TUMOR_NECROSIS_FACTOR",0.0612244897959184,"243/18000",1.48870244183651e-05,0.000201542555155408,0.00011699793499179,"335/3875/3717/8784/2852/7293/2625/7124/958/8792/4790/2950",12,"Upregulated",4.82719209928104
"GOBP_TISSUE_REMODELING","GOBP_TISSUE_REMODELING","GOBP_TISSUE_REMODELING",0.0663265306122449,"198/18000",2.69800696182379e-07,7.18344353585583e-06,4.17007742695922e-06,"4880/51561/79095/6714/84870/3600/8792/54567/53832/4853/4790/1445/4313",13,"Upregulated",6.56895693402744
"GOBP_RESPONSE_TO_OXIDATIVE_STRESS","GOBP_RESPONSE_TO_OXIDATIVE_STRESS","GOBP_RESPONSE_TO_OXIDATIVE_STRESS",0.0663265306122449,"412/18000",0.000602307918530706,0.0038876238377891,0.00225681350866795,"2876/7494/6647/3717/142/6714/655/5742/5603/27/4313/2950/2119",13,"Upregulated",3.22018142713062
"GOBP_RESPONSE_TO_OXYGEN_LEVELS1","GOBP_RESPONSE_TO_OXYGEN_LEVELS","GOBP_RESPONSE_TO_OXYGEN_LEVELS",0.0666666666666667,"357/18000",0.00900066286984556,0.0460705070384936,0.0314117093444275,"6095/2353/7057/100133941/2022/8322",6,"Downregulated",2.04572550499233
"GOBP_CELL_MATRIX_ADHESION","GOBP_CELL_MATRIX_ADHESION","GOBP_CELL_MATRIX_ADHESION",0.076530612244898,"242/18000",6.78134093543449e-08,2.30749497733866e-06,1.33952924802594e-06,"3691/6714/916/1236/683/3683/3687/3791/3694/1281/4680/7010/6376/8516/3689",15,"Upregulated",7.16868442069366
"GOBP_RESPONSE_TO_OXYGEN_LEVELS","GOBP_RESPONSE_TO_OXYGEN_LEVELS","GOBP_RESPONSE_TO_OXYGEN_LEVELS",0.076530612244898,"357/18000",8.96238654928841e-06,0.000136356309642745,7.91565167912089e-05,"5465/4880/7424/4851/4000/7291/6262/7124/2043/655/1788/4313/4609/6387/3339",15,"Upregulated",5.04757632882259
"GOBP_MACROPHAGE_ACTIVATION1","GOBP_MACROPHAGE_ACTIVATION","GOBP_MACROPHAGE_ACTIVATION",0.0777777777777778,"116/18000",1.84838338852684e-06,0.000186005882368319,0.000126822192523854,"6095/3949/7057/351/3459/4282/3725",7,"Downregulated",5.73320794315244
"GOBP_T_CELL_PROLIFERATION1","GOBP_T_CELL_PROLIFERATION","GOBP_T_CELL_PROLIFERATION",0.0777777777777778,"225/18000",0.000134659171061737,0.00331290519773392,0.00225879899845494,"3572/383/1947/100133941/7048/1493/3606",7,"Downregulated",3.87076406330058
"GOBP_ERK1_AND_ERK2_CASCADE","GOBP_ERK1_AND_ERK2_CASCADE","GOBP_ERK1_AND_ERK2_CASCADE",0.0969387755102041,"330/18000",3.78772329707143e-09,1.95189934421665e-07,1.13310160431916e-07,"7494/972/335/7099/4851/2852/6714/1236/7124/3791/2043/8792/7010/4853/6376/284/1445/4609/2950",19,"Upregulated",8.42162175483885
"GOBP_VIRAL_PROCESS1","GOBP_VIRAL_PROCESS","GOBP_VIRAL_PROCESS",0.111111111111111,"410/18000",3.80171857043726e-05,0.00120810167905006,0.000823705690261406,"7538/3949/1436/6598/3429/5629/1969/6355/3725/3576",10,"Downregulated",4.42002003576882
"GOBP_RESPONSE_TO_VIRUS","GOBP_RESPONSE_TO_VIRUS","GOBP_RESPONSE_TO_VIRUS",0.122448979591837,"437/18000",7.73183535273089e-11,7.05806112913577e-09,4.09729139594341e-09,"4283/3627/3717/4938/51561/4940/3661/3455/3437/30009/3320/2625/7124/3687/958/3694/3592/3600/3460/51284/84166/4790/5551/6387",24,"Upregulated",10.1117174027244
"GOBP_ERK1_AND_ERK2_CASCADE1","GOBP_ERK1_AND_ERK2_CASCADE","GOBP_ERK1_AND_ERK2_CASCADE",0.133333333333333,"330/18000",8.99479662065265e-08,2.05800946680533e-05,1.40318827282181e-05,"1843/2266/1436/4067/351/4282/1969/3725/2048/3084/1847/10253",12,"Downregulated",7.04600865194343
